{
  "hash": "94ed2812",
  "browserHash": "3e9267f1",
  "optimized": {
    "@angular/common": {
      "src": "../../../../../node_modules/@angular/common/fesm2022/common.mjs",
      "file": "@angular_common.js",
      "fileHash": "774912ee",
      "needsInterop": false
    },
    "@angular/core": {
      "src": "../../../../../node_modules/@angular/core/fesm2022/core.mjs",
      "file": "@angular_core.js",
      "fileHash": "75d6c48f",
      "needsInterop": false
    },
    "@angular/core/rxjs-interop": {
      "src": "../../../../../node_modules/@angular/core/fesm2022/rxjs-interop.mjs",
      "file": "@angular_core_rxjs-interop.js",
      "fileHash": "be6df6d9",
      "needsInterop": false
    },
    "@angular/platform-browser": {
      "src": "../../../../../node_modules/@angular/platform-browser/fesm2022/platform-browser.mjs",
      "file": "@angular_platform-browser.js",
      "fileHash": "8956f1dc",
      "needsInterop": false
    },
    "@angular/router": {
      "src": "../../../../../node_modules/@angular/router/fesm2022/router.mjs",
      "file": "@angular_router.js",
      "fileHash": "bcb98e0b",
      "needsInterop": false
    },
    "rxjs": {
      "src": "../../../../../node_modules/rxjs/dist/esm5/index.js",
      "file": "rxjs.js",
      "fileHash": "22258c7a",
      "needsInterop": false
    }
  },
  "chunks": {
    "chunk-ZZK633PV": {
      "file": "chunk-ZZK633PV.js"
    },
    "chunk-MMLT7SO2": {
      "file": "chunk-MMLT7SO2.js"
    },
    "chunk-ZJISY3LA": {
      "file": "chunk-ZJISY3LA.js"
    },
    "chunk-V4QF72PL": {
      "file": "chunk-V4QF72PL.js"
    }
  }
}